<?xml version="1.0" encoding="UTF-8" ?>
<panoramaStudioViewer version="3.0">
    <image projection="cubic" multilevel="true" baseindex="1">
      <bitmap width="5794" height="5794" tilesize="480"> 
        <front src="FieldHouse1_tiles/FieldHouse1_t_1f_%y_%x.jpg"/>
        <back src="FieldHouse1_tiles/FieldHouse1_t_1b_%y_%x.jpg"/>
        <left src="FieldHouse1_tiles/FieldHouse1_t_1l_%y_%x.jpg"/>
        <right src="FieldHouse1_tiles/FieldHouse1_t_1r_%y_%x.jpg"/>
        <up src="FieldHouse1_tiles/FieldHouse1_t_1u_%y_%x.jpg"/>
        <down src="FieldHouse1_tiles/FieldHouse1_t_1d_%y_%x.jpg"/>
      </bitmap>
      <bitmap width="2897" height="2897" tilesize="480"> 
        <front src="FieldHouse1_tiles/FieldHouse1_t_2f_%y_%x.jpg"/>
        <back src="FieldHouse1_tiles/FieldHouse1_t_2b_%y_%x.jpg"/>
        <left src="FieldHouse1_tiles/FieldHouse1_t_2l_%y_%x.jpg"/>
        <right src="FieldHouse1_tiles/FieldHouse1_t_2r_%y_%x.jpg"/>
        <up src="FieldHouse1_tiles/FieldHouse1_t_2u_%y_%x.jpg"/>
        <down src="FieldHouse1_tiles/FieldHouse1_t_2d_%y_%x.jpg"/>
      </bitmap>
      <bitmap width="1448" height="1448" tilesize="480"> 
        <front src="FieldHouse1_tiles/FieldHouse1_t_3f_%y_%x.jpg"/>
        <back src="FieldHouse1_tiles/FieldHouse1_t_3b_%y_%x.jpg"/>
        <left src="FieldHouse1_tiles/FieldHouse1_t_3l_%y_%x.jpg"/>
        <right src="FieldHouse1_tiles/FieldHouse1_t_3r_%y_%x.jpg"/>
        <up src="FieldHouse1_tiles/FieldHouse1_t_3u_%y_%x.jpg"/>
        <down src="FieldHouse1_tiles/FieldHouse1_t_3d_%y_%x.jpg"/>
      </bitmap>
      <bitmap width="724" height="724" tilesize="480"> 
        <front src="FieldHouse1_tiles/FieldHouse1_t_4f_%y_%x.jpg"/>
        <back src="FieldHouse1_tiles/FieldHouse1_t_4b_%y_%x.jpg"/>
        <left src="FieldHouse1_tiles/FieldHouse1_t_4l_%y_%x.jpg"/>
        <right src="FieldHouse1_tiles/FieldHouse1_t_4r_%y_%x.jpg"/>
        <up src="FieldHouse1_tiles/FieldHouse1_t_4u_%y_%x.jpg"/>
        <down src="FieldHouse1_tiles/FieldHouse1_t_4d_%y_%x.jpg"/>
      </bitmap>
      <bitmap width="362" height="362" tilesize="480"> 
        <front src="FieldHouse1_tiles/FieldHouse1_t_5f_%y_%x.jpg"/>
        <back src="FieldHouse1_tiles/FieldHouse1_t_5b_%y_%x.jpg"/>
        <left src="FieldHouse1_tiles/FieldHouse1_t_5l_%y_%x.jpg"/>
        <right src="FieldHouse1_tiles/FieldHouse1_t_5r_%y_%x.jpg"/>
        <up src="FieldHouse1_tiles/FieldHouse1_t_5u_%y_%x.jpg"/>
        <down src="FieldHouse1_tiles/FieldHouse1_t_5d_%y_%x.jpg"/>
      </bitmap>
      <preview src="FieldHouse1_tiles/FieldHouse1_preview.jpg" />
      <fallback projection="cylindrical"> 
        <small stripe_width="153" stripe_height="1099" overlap="2"> 
          <face num="0" src="FieldHouse1_tiles/FieldHouse1-666_s_f0.jpg"/>
          <face num="1" src="FieldHouse1_tiles/FieldHouse1-666_s_f1.jpg"/>
          <face num="2" src="FieldHouse1_tiles/FieldHouse1-666_s_f2.jpg"/>
          <face num="3" src="FieldHouse1_tiles/FieldHouse1-666_s_f3.jpg"/>
          <face num="4" src="FieldHouse1_tiles/FieldHouse1-666_s_f4.jpg"/>
          <face num="5" src="FieldHouse1_tiles/FieldHouse1-666_s_f5.jpg"/>
          <face num="6" src="FieldHouse1_tiles/FieldHouse1-666_s_f6.jpg"/>
          <face num="7" src="FieldHouse1_tiles/FieldHouse1-666_s_f7.jpg"/>
          <face num="8" src="FieldHouse1_tiles/FieldHouse1-666_s_f8.jpg"/>
          <face num="9" src="FieldHouse1_tiles/FieldHouse1-666_s_f9.jpg"/>
          <face num="10" src="FieldHouse1_tiles/FieldHouse1-666_s_f10.jpg"/>
          <face num="11" src="FieldHouse1_tiles/FieldHouse1-666_s_f11.jpg"/>
        </small> 
        <preview src="FieldHouse1_tiles/FieldHouse1-666_fb_preview.jpg" />
      </fallback> 
    </image>
    <camera minpan="0.00" maxpan="47.47" mintilt="-14.29" maxtilt="14.29" maxzoom="1.5"     />
    <view pan="21.60" tilt="-2.63" hfov="42.72" />
        <autoplay status="off" pan="2.00" tilt="0.00" zoom="1.00" restart="5.00" />
    <toolbar visible="true" layout="0" design="12" 
      fullscreenbutton="true" playbutton="true" 
      buttonwidth="24" buttonheight="20" dpidependent="true" touchzoomonly="true"
      align="leftbottom"  xoff="4" yoff="-4" 
    />
    <progress type="progressBar" text="Loading: %d%" style=" color:#ffffff; font-family: Arial,Helvetica,sans-serif; font-size: 12px; font-weight: bold; text-align:center; " filters="glow, #000000 ,1,2.0,2.0,3,1 ; glow,#000000,0.5,5.0,5.0,1,1"/>    <strings lang="en" />
</panoramaStudioViewer>
